benchmark_id,benchmark_name,benchmark_mode,target,mutation,score_column,n_entities,n_actives,n_negatives,n_explicit_negatives,n_background,roc_auc,average_precision,median_active_rank,median_active_percentile,best_active_rank,worst_active_rank,active_score_median,negative_score_median,score_gap_vs_negative_median,ef1,nef1,hits_top_1pct,top_1pct_size,ef5,nef5,hits_top_5pct,top_5pct_size,ef10,nef10,hits_top_10pct,top_10pct_size,hits_top_10,recall_top_10,hits_top_25,recall_top_25,hits_top_50,recall_top_50,hits_top_100,recall_top_100
ros1_known_actives_background,ROS1 known actives vs screen background,active_vs_background,ROS1,G2032R,g2032r_score,2794,7,2787,0,2787,0.9351325029473576,0.06422238042176442,104.0,0.03722261989978525,4,664,-9.02,-6.98,2.039999999999999,14.255102040816325,0.14285714285714285,1,28,14.255102040816325,0.7142857142857143,5,140,7.127551020408163,0.7142857142857143,5,280,1,0.14285714285714285,1,0.14285714285714285,2,0.2857142857142857,3,0.42857142857142855
ros1_known_actives_background,ROS1 known actives vs screen background,active_vs_background,ROS1,G2032R,composite_score,2794,7,2787,0,2787,0.9675534368752883,0.09319421233128836,67.0,0.023979957050823193,4,250,-9.447,-7.25,2.196999999999999,28.51020408163265,0.2857142857142857,2,28,14.255102040816325,0.7142857142857143,5,140,9.978571428571428,1.0,7,280,1,0.14285714285714285,2,0.2857142857142857,2,0.2857142857142857,5,0.7142857142857143
