benchmark_id,benchmark_name,benchmark_mode,target,mutation,score_column,n_entities,n_actives,n_negatives,n_explicit_negatives,n_background,roc_auc,average_precision,median_active_rank,median_active_percentile,best_active_rank,worst_active_rank,active_score_median,negative_score_median,score_gap_vs_negative_median,ef1,nef1,hits_top_1pct,top_1pct_size,ef5,nef5,hits_top_5pct,top_5pct_size,ef10,nef10,hits_top_10pct,top_10pct_size,hits_top_10,recall_top_10,hits_top_25,recall_top_25,hits_top_50,recall_top_50,hits_top_100,recall_top_100
ros1_known_actives_background,ROS1 known actives vs screen background,active_vs_background,ROS1,G2032R,g2032r_score,2794,9,2785,0,2785,0.9265110712148414,0.056065058416613994,114.0,0.0408017179670723,4,664,-8.947,-6.98,1.9669999999999987,11.087301587301589,0.11111111111111112,1,28,11.087301587301587,0.5555555555555556,5,140,6.652380952380952,0.6666666666666666,6,280,1,0.1111111111111111,1,0.1111111111111111,2,0.2222222222222222,3,0.3333333333333333
ros1_known_actives_background,ROS1 known actives vs screen background,active_vs_background,ROS1,G2032R,composite_score,2794,9,2785,0,2785,0.9422900458807102,0.07718401356373313,72.0,0.025769506084466716,4,518,-9.4,-7.25,2.1500000000000004,22.174603174603178,0.22222222222222224,2,28,11.087301587301587,0.5555555555555556,5,140,7.761111111111111,0.7777777777777778,7,280,1,0.1111111111111111,2,0.2222222222222222,2,0.2222222222222222,5,0.5555555555555556
